,id,name,department,contr_por_dept
1,2,Ty Hofer,Support,221
2,3,Lyman Hadye,Engineering,208
4,5,Gretna Lording,Human Resources,204
5,6,Marlow Antecki,Human Resources,204
6,7,Joan Rillett,Marketing,143
7,8,Ulrick Nucciotti,Support,221
8,9,Lucretia Northcote,Marketing,143
10,11,Libbi Dowtry,Human Resources,204
11,12,Jacky Oldred,Services,204
12,13,Raine Mowett,Support,221
14,15,Robers Swinden,Engineering,208
15,16,Bone Serridge,Support,221
16,17,Andee Tillot,Support,221
17,18,Gay Philbin,Human Resources,204
18,19,Loralie Dundin,Support,221
21,22,Toddy Gare,Engineering,208
22,23,Jeremias Goudy,Services,204
23,24,Lemar Aronsohn,Support,221
25,26,Bartolomeo Fetherstone,Engineering,208
26,27,Elvina Bycraft,Services,204
27,28,Letitia Bastin,Human Resources,204
28,29,Warner Astbury,Human Resources,204
31,32,Wilt Di Francesco,Marketing,143
33,34,Corena Heritege,Business Development,187
35,36,Gasparo Ofen,Business Development,187
36,37,Nikkie Whinray,Services,204
37,38,Louisa Binion,Support,221
40,41,Jena Iacomi,Marketing,143
41,42,Pail Syne,Services,204
42,43,Agneta Rae,Research and Development,150
43,44,Lanae Pedrozzi,Engineering,208
45,46,Philly Beecraft,Support,221
46,47,Jimmie Jack,Business Development,187
48,49,Annecorinne Verny,Marketing,143
51,52,Trudie Arboin,Human Resources,204
52,53,Rebbecca Bazely,Marketing,143
53,54,Bevin Battlestone,Services,204
60,61,Artemus Featherby,Business Development,187
61,62,Lou Hurd,Engineering,208
62,63,Tanhya Ort,Services,204
64,65,Saundra Franzini,Engineering,208
67,68,Perceval MacLice,Engineering,208
68,69,Sidoney Ciobutaru,Services,204
69,70,Ted Dungay,Business Development,187
72,73,Matthus Szymanzyk,Services,204
73,74,Wilma Duplain,Engineering,208
74,75,Xylia Furlow,Support,221
76,77,Fayette Prati,Services,204
77,78,Christalle Constantine,Services,204
82,83,Barth Bere,Marketing,143
83,84,Ludvig Norwood,Research and Development,150
84,85,Dev Ingleson,Services,204
85,86,Vinnie Andri,Business Development,187
87,88,Rosabelle Sterzaker,Engineering,208
88,89,Rodrique Fearnehough,Business Development,187
89,90,Germana Bote,Business Development,187
90,91,Rolf Tythacott,Engineering,208
91,92,Floria Peniello,Business Development,187
92,93,Belinda Savaage,Business Development,187
93,94,Zachariah Comberbach,Engineering,208
94,95,Lowell Woollin,Support,221
95,96,Creight Rutter,Services,204
98,99,Marlo Tott,Support,221
99,100,Karita Kettlestringes,Services,204
100,101,Jenn Fumagallo,Services,204
101,102,Ogden Ough,Services,204
102,103,Cathy Blundin,Services,204
103,104,Wenda Kaes,Business Development,187
105,106,Jasper Matterdace,Support,221
106,107,Welby Crocumbe,Business Development,187
107,108,Marlie Gannicott,Human Resources,204
108,109,Bethanne Hurlin,Human Resources,204
109,110,Renee Bridie,Business Development,187
110,111,Zsazsa Pash,Engineering,208
111,112,Brett Griffey,Engineering,208
112,113,Carlee Joyce,Business Development,187
113,114,Grady Conman,Research and Development,150
114,115,Wilbert Cluer,Human Resources,204
115,116,Ardys Pirozzi,Research and Development,150
116,117,Putnem Lippiello,Support,221
118,119,Lucky Hadkins,Services,204
120,121,Cristy Sockell,Support,221
121,122,Gnni Gudgin,Services,204
124,125,Gerri Baton,Support,221
125,126,Olly Tully,Services,204
128,129,Stephana Gawthrop,Support,221
129,130,Ferris Hammerberger,Marketing,143
130,131,Angie McMurray,Services,204
131,132,Gypsy Baselio,Business Development,187
135,136,Meryl Kew,Human Resources,204
136,137,Ichabod Maloney,Human Resources,204
138,139,Celina Caris,Research and Development,150
139,140,Putnam Dodd,Marketing,143
140,141,Marylin Brommage,Human Resources,204
141,142,Reginald Folca,Support,221
142,143,Elston Millam,Engineering,208
144,145,Gretel Chittenden,Engineering,208
145,146,Deirdre Hiley,Services,204
146,147,Gaston Rayne,Human Resources,204
147,148,Rourke Inchbald,Support,221
148,149,Katlin Haxby,Human Resources,204
149,150,Valentia Kellegher,Business Development,187
150,151,Jarrett Oluwatoyin,Support,221
151,152,Kori Foxton,Engineering,208
153,154,Lurette Erwin,Engineering,208
155,156,Mikel Searby,Support,221
157,158,Rube Dockerty,Business Development,187
158,159,Gayleen Beslier,Services,204
160,161,Nobe Mackrell,Support,221
161,162,,Business Development,187
162,163,Nerta Cutteridge,Services,204
164,165,Charleen Billin,Support,221
165,166,Hollis Goves,Marketing,143
166,167,Alexis Jamson,Business Development,187
167,168,Toinette Sammut,Services,204
168,169,Dannye Juszczak,Services,204
169,170,Kimberlyn Coule,Human Resources,204
170,171,Charis Muzzini,Marketing,143
171,172,Roselle Leate,Marketing,143
172,173,Myra Corington,Human Resources,204
175,176,Barbie Alabaster,Services,204
176,177,Ardella Schwartz,Research and Development,150
177,178,Petronilla Ashpital,Business Development,187
179,180,Siobhan Backen,Services,204
181,182,Renell Iacovelli,Research and Development,150
182,183,Peyton Yaus,Marketing,143
185,186,Claudelle Peele,Services,204
186,187,Janna Forsey,Engineering,208
188,189,Donny Ortiga,Human Resources,204
189,190,Amalia Vinall,Human Resources,204
190,191,Caldwell Dunniom,Support,221
192,193,Sarita Lemmertz,Marketing,143
194,195,Jordain Reardon,Support,221
195,196,Harriot Kenaway,Human Resources,204
196,197,Mellie Dilrew,Support,221
197,198,Carline Fryman,Engineering,208
198,199,Fields Huby,Engineering,208
201,202,Irving Saenz,Support,221
202,203,Kienan Kinghorne,Services,204
203,204,Dana Elby,Services,204
205,206,Osbourne Bernadot,Engineering,208
208,209,Tova Ostridge,Research and Development,150
209,210,Babita Grigorkin,Marketing,143
210,211,Berny Daber,Research and Development,150
212,213,Brody Bothen,Engineering,208
216,217,Marleen Huc,Marketing,143
217,218,Stephie McCudden,Support,221
218,219,Malorie Broggini,Engineering,208
219,220,Aile Greatham,Marketing,143
220,221,Valentia McFee,Business Development,187
221,222,Blakelee Jell,Engineering,208
223,224,Hirsch Jeffrey,Research and Development,150
224,225,Barnabas Cockell,Business Development,187
225,226,Hedy De Gregoli,Business Development,187
227,228,Jobi Muncie,Services,204
230,231,Daisie Branchet,Human Resources,204
231,232,Zach Gallelli,Research and Development,150
232,233,Tony Hayball,Human Resources,204
233,234,Allys Lindenstrauss,Marketing,143
236,237,Lynda Lehmann,Business Development,187
238,239,Lucretia Ungaretti,Services,204
240,241,Benedetto Ropking,Marketing,143
242,243,Juliet MacGebenay,Marketing,143
243,244,Elspeth Smalls,Engineering,208
246,247,Lyle Gages,Engineering,208
247,248,Hanni Ruit,Services,204
248,249,Katherina Bundock,Engineering,208
249,250,Ruben Pevreal,Services,204
250,251,Livia Casper,Support,221
251,252,Merrily Lorey,Support,221
252,253,Ignacio Warlowe,Research and Development,150
253,254,Auberta Ingrem,Human Resources,204
254,255,Doro Diem,Marketing,143
255,256,Jobyna Halburton,Marketing,143
257,258,Christabella Chanders,Marketing,143
258,259,Lamont Tothe,Human Resources,204
260,261,Barny Arghent,Business Development,187
263,264,Gui Coogan,Support,221
267,268,Arin Ribeiro,Marketing,143
269,270,Shellie Hastilow,Human Resources,204
271,272,Ashly Janczak,Research and Development,150
272,273,Lorry Cluely,Marketing,143
273,274,Lenee Barzen,Business Development,187
274,275,Trevor De Lascy,Services,204
276,277,Abagael Tomasek,Business Development,187
277,278,Ddene Bernardin,Human Resources,204
278,279,Phaidra Killingworth,Human Resources,204
281,282,Maudie Sommerlin,Services,204
282,283,Betti Meran,Engineering,208
284,285,Ardeen Tures,Human Resources,204
288,289,Hetti Narraway,Research and Development,150
289,290,Cassandre Froude,Engineering,208
290,291,Chuck Frankiss,Human Resources,204
292,293,Arvie Angeau,Support,221
294,295,Marylou Burrell,Services,204
295,296,Alfred Saintpierre,Business Development,187
296,297,Jarvis Pennings,Engineering,208
297,298,Chrysler Frudd,Engineering,208
299,300,Saidee Bassett,Research and Development,150
300,301,Anders Ralston,Engineering,208
302,303,Hillary Dudenie,Human Resources,204
303,304,Tildie Julien,Engineering,208
304,305,Waneta Dyhouse,Engineering,208
305,306,Norby Folkerts,Research and Development,150
306,307,Danell Poynser,Research and Development,150
307,308,Rodrigo Thornbarrow,Services,204
308,309,Aleen Veasey,Support,221
310,311,Ursulina Curner,Engineering,208
311,312,Valma Kruger,Engineering,208
312,313,Roberta Kensitt,Research and Development,150
315,316,Tades Pezey,Business Development,187
316,317,Cammy Liffey,Business Development,187
318,319,Wilt Jagoe,Engineering,208
319,320,Artemas Balmer,Business Development,187
320,321,Darleen Cranna,Services,204
321,322,Johnath Fake,Human Resources,204
323,324,Janna Malitrott,Human Resources,204
324,325,Abe Bennedick,Engineering,208
325,326,Carlota McCrae,Human Resources,204
328,329,Gale Cholwell,Engineering,208
330,331,Darleen Ulyatt,Marketing,143
331,332,Nancey Ford,Support,221
334,335,Arline Athow,Services,204
335,336,Morissa Habberjam,Human Resources,204
337,338,Ravid Pigney,Support,221
340,341,Bordy Greenman,Human Resources,204
343,344,Christen Gilbane,Marketing,143
345,346,Iris Cariss,Services,204
347,348,Benny Bachelor,Human Resources,204
348,349,Winona Dudhill,Support,221
352,353,Raul Farbrace,Support,221
353,354,Cobby Solomon,Engineering,208
354,355,Carina Libreros,Engineering,208
355,356,Johnnie Middle,Research and Development,150
356,357,Jocelyne Elphinstone,Engineering,208
357,358,Kaycee Hounsom,Support,221
358,359,Justine Yurkevich,Support,221
359,360,Killy Dracey,Human Resources,204
360,361,Ike Forgie,Human Resources,204
361,362,Melodee Suckling,Engineering,208
362,363,Cassi Woodard,Human Resources,204
363,364,Ora Giovanizio,Research and Development,150
364,365,Fredelia Fendt,Services,204
365,366,Renee Stoddard,Business Development,187
366,367,Ellary Benasik,Engineering,208
367,368,Rustie O'Leahy,Research and Development,150
372,373,Leisha Uccelli,Human Resources,204
373,374,Far Janicek,Marketing,143
374,375,Tracey Cleve,Human Resources,204
375,376,Gwenore Hallowes,Business Development,187
376,377,Guendolen Castro,Support,221
377,378,Toni Hadleigh,Support,221
378,379,Ruth Reilly,Human Resources,204
379,380,Grantley Burnyate,Engineering,208
380,381,Stormi Leber,Marketing,143
381,382,Bowie Ramsden,Engineering,208
382,383,Emmott Blaber,Support,221
384,385,Francine Youings,Human Resources,204
385,386,Hattie Cramphorn,Engineering,208
386,387,Dex MacMakin,Human Resources,204
387,388,Bo Robion,Business Development,187
391,392,Cris Trytsman,Services,204
393,394,Latrena Brownbill,Marketing,143
394,395,Saidee Haddock,Engineering,208
395,396,Melisandra Scopyn,Marketing,143
398,399,Brose De Michele,Services,204
401,402,Hasty Slipper,Engineering,208
403,404,Chet Ribeiro,Human Resources,204
405,406,Isador Martensen,Human Resources,204
408,409,Annabela Draude,Services,204
409,410,Vally Kinnard,Research and Development,150
410,411,Dominic Wornum,Business Development,187
411,412,Anna Antalffy,Marketing,143
413,414,Anderea Penhallurick,Human Resources,204
414,415,Kari Dimmer,Marketing,143
415,416,Jacquette Plumridge,Marketing,143
416,417,Jeannette Aizikov,Human Resources,204
418,419,Hayward Kropp,Research and Development,150
419,420,Devon Nutty,Business Development,187
420,421,Merna Chaimson,Human Resources,204
421,422,Monika Lamperd,Human Resources,204
422,423,Rozelle Cullingworth,Business Development,187
424,425,Brenn Novis,Support,221
425,426,Trumaine Danjoie,Research and Development,150
426,427,Tara Mertel,Engineering,208
428,429,Ashbey Olczyk,Engineering,208
432,433,Aarika Britton,Human Resources,204
433,434,Bernadina Catlette,Research and Development,150
435,436,Chanda Cresser,Marketing,143
437,438,Nanine Bertome,Support,221
438,439,Florie Allchin,Support,221
439,440,Oren Geaveny,Business Development,187
440,441,Irwin Beaulieu,Engineering,208
441,442,Hale Oleszcuk,Support,221
443,444,Jacenta Cullnean,Engineering,208
444,445,Gilles Houdhury,Research and Development,150
446,447,Midge Delacour,Services,204
451,452,Truman Davidman,Support,221
453,454,Gilda Rudolfer,Business Development,187
455,456,Rivi Van der Merwe,Services,204
456,457,Marcelline Masding,Business Development,187
458,459,Maisey Markie,Support,221
459,460,Melva Goodge,Marketing,143
460,461,Alfi Keepe,Engineering,208
465,466,Chandler Amesbury,Services,204
466,467,Sully Kubicki,Business Development,187
467,468,Leela Mowatt,Support,221
469,470,Lianne Huxton,Services,204
470,471,Ethelda Owbrick,Support,221
472,473,Berk Stennes,Services,204
473,474,Calhoun Pester,Services,204
474,475,Lebbie Ruberry,Support,221
475,476,Friedrich Loton,Marketing,143
476,477,Loella Cudiff,Research and Development,150
477,478,Tersina Shackelton,Support,221
478,479,Doria Buard,Engineering,208
479,480,Brena Issatt,Support,221
480,481,Eileen Spikeings,Services,204
481,482,Emmalynn Robilliard,Support,221
482,483,Paco Truter,Engineering,208
485,486,Joanie Janjusevic,Human Resources,204
486,487,Fanechka Cescon,Human Resources,204
487,488,Samantha Mundie,Research and Development,150
488,489,Arabelle Churching,Marketing,143
492,493,Dalis Coughan,Research and Development,150
493,494,Fredericka Blezard,Services,204
494,495,Seth Kubacek,Engineering,208
495,496,Carissa Bartel,Business Development,187
496,497,Teddi Eadmeades,Human Resources,204
498,499,Holly Akehurst,Support,221
501,502,Myrtle Kenan,Support,221
502,503,Anjanette Snepp,Human Resources,204
503,504,Avrit Henniger,Human Resources,204
504,505,Andi Norwich,Support,221
505,506,Joye Pinson,Business Development,187
506,507,Nonie Threadgould,Engineering,208
507,508,Tommy Dehn,Services,204
509,510,Zelda Sheavills,Research and Development,150
511,512,Malia Dungay,Support,221
514,515,Stephenie Yeowell,Research and Development,150
516,517,Falito Bellay,Support,221
517,518,Cassandra McRobert,Marketing,143
518,519,Perkin Brookbank,Human Resources,204
519,520,Kial Dulwitch,Services,204
520,521,Paulita Cumberbatch,Support,221
521,522,Gina Cutill,Engineering,208
522,523,Darelle Wogden,Business Development,187
523,524,Jacenta Pieterick,Support,221
524,525,Maiga Jarmain,Marketing,143
526,527,Maxy Agnolo,Research and Development,150
527,528,Doyle Lawden,Engineering,208
528,529,Deena Semarke,Engineering,208
531,532,Alfreda Stittle,Research and Development,150
533,534,Rex Gligoraci,Services,204
534,535,Jorry Koppel,Support,221
535,536,Mellicent Grisard,Research and Development,150
539,540,Chrysler Cogswell,Support,221
543,544,Curr Lafrentz,Services,204
545,546,Zack Scroxton,Services,204
547,548,Pegeen Piccard,Support,221
549,550,Ellene Cunnow,Services,204
550,551,Lind Flips,Business Development,187
551,552,Quintus McCallister,Research and Development,150
556,557,Kamila Collumbine,Human Resources,204
557,558,Avivah Dymond,Support,221
559,560,Zena Buck,Engineering,208
561,562,Letisha Le Floch,Services,204
562,563,Sharona Tweedy,Services,204
563,564,Pietro Ogdahl,Business Development,187
565,566,Ingrim Orrum,Engineering,208
567,568,Jody Ireland,Services,204
568,569,Newton MacColl,Engineering,208
570,571,,Services,204
571,572,Bethena Nissle,Support,221
572,573,Hynda Wheatcroft,Support,221
573,574,Laura Ginley,Engineering,208
574,575,Edgard Sawden,Engineering,208
575,576,Noak Windmill,Business Development,187
578,579,Deane Stivani,Business Development,187
579,580,Eugenio Crumly,Services,204
581,582,Adams Whitington,Support,221
582,583,Chrotoem Johanning,Engineering,208
583,584,Renado Terne,Support,221
584,585,Sonja Vero,Support,221
585,586,Roanne Brant,Human Resources,204
587,588,Gabriell Paffitt,Services,204
591,592,Anni Mewton,Marketing,143
592,593,Ruthi Liversedge,Human Resources,204
593,594,Vinny Liggins,Business Development,187
594,595,Charita Wyldish,Business Development,187
595,596,Noble Spere,Human Resources,204
596,597,Rahal Callf,Human Resources,204
597,598,Hope Yakovliv,Research and Development,150
598,599,Chrystal Kopje,Support,221
600,601,Vincents Lees,Research and Development,150
601,602,Gamaliel Simonnin,Business Development,187
603,604,Trace Bowe,Services,204
604,605,Matteo De Clairmont,Human Resources,204
605,606,Mitzi Zoane,Engineering,208
607,608,Rita Rakes,Marketing,143
608,609,Doyle Galpen,Engineering,208
609,610,Andreas Adkin,Engineering,208
611,612,Jazmin Orgel,Services,204
613,614,Shawn O'Kinneally,Business Development,187
614,615,Jillana Neeson,Research and Development,150
615,616,Emlen Whitton,Services,204
616,617,Valenka Annwyl,Human Resources,204
617,618,Hasheem De la Yglesia,Support,221
619,620,Cilka Cariss,Business Development,187
620,621,Sheri Vice,Engineering,208
621,622,Dodie Codlin,Human Resources,204
623,624,Stearne Boord,Human Resources,204
624,625,Toddy Bragger,Support,221
625,626,Maribeth Stirtle,Services,204
626,627,Deanne Pilcher,Human Resources,204
627,628,Adan Simonds,Research and Development,150
628,629,Goldia Gottelier,Human Resources,204
629,630,Adler Allon,Engineering,208
630,631,Yettie Tellenbrok,Marketing,143
632,633,Charline Axtell,Marketing,143
633,634,Duff Bauld,Engineering,208
634,635,Winne Kemet,Research and Development,150
636,637,Serena Iacovolo,Human Resources,204
639,640,Auguste Savage,Human Resources,204
640,641,Muffin Oldall,Human Resources,204
642,643,Andi Haylett,Human Resources,204
643,644,Bjorn Cremen,Engineering,208
644,645,Hedvige Vogelein,Marketing,143
645,646,Shelagh Scoffins,Human Resources,204
647,648,August Scotsbrook,Human Resources,204
648,649,Karina Brunt,Support,221
649,650,Callida Helmke,Marketing,143
650,651,Shirlee Morcomb,Human Resources,204
652,653,Catlee Baroc,Engineering,208
653,654,Gloria Semechik,Marketing,143
654,655,Juliette Josuweit,Services,204
655,656,Fayina Trevarthen,Human Resources,204
657,658,Valeria Bidwell,Business Development,187
658,659,Tailor Phizakarley,Engineering,208
659,660,Beaufort Fifoot,Business Development,187
660,661,Winnie Nalder,Engineering,208
663,664,Meara Leipelt,Marketing,143
665,666,Rad Malt,Human Resources,204
666,667,Jinny Navarre,Support,221
667,668,Larry Markus,Support,221
669,670,Cordelia Hembling,Engineering,208
670,671,Ernaline Stroulger,Support,221
671,672,Windham Biesterfeld,Engineering,208
673,674,Marita Wakeman,Research and Development,150
674,675,Roxanna Verny,Services,204
675,676,My Challice,Business Development,187
676,677,Karel Lyne,Research and Development,150
677,678,Rhonda Rembaud,Research and Development,150
678,679,Aguste Baseley,Business Development,187
679,680,Werner Baldrick,Human Resources,204
680,681,Janek Fleay,Marketing,143
682,683,Fidel Massimo,Marketing,143
683,684,D'arcy Lunam,Human Resources,204
686,687,Evaleen Dotterill,Services,204
688,689,Jacquelin O'Farrell,Support,221
689,690,Sarene Ilyinykh,Research and Development,150
690,691,Benedetto Heazel,Marketing,143
691,692,Algernon McCraw,Support,221
693,694,Fergus Fiddler,Marketing,143
695,696,Evered Schindler,Marketing,143
696,697,Sumner Paulisch,Business Development,187
697,698,Daloris D'Ambrosio,Human Resources,204
698,699,Nettle Armstrong,Support,221
699,700,Amos Oneal,Services,204
704,705,Bonita Bethune,Services,204
705,706,Valentina MacTavish,Support,221
706,707,Berty Ollivierre,Research and Development,150
707,708,Charles Bleesing,Services,204
708,709,Nev Doghartie,Human Resources,204
709,710,Augusto Etherson,Research and Development,150
710,711,Andra Walthall,Business Development,187
711,712,Cathrin Bourke,Research and Development,150
712,713,Isa Blees,Research and Development,150
713,714,Mala Divina,Human Resources,204
714,715,Isobel Brettle,Engineering,208
715,716,Evered Cowland,Engineering,208
716,717,Marcelo Lakeland,Marketing,143
718,719,Delmer McCory,Engineering,208
719,720,Shaine Pavlenko,Marketing,143
720,721,Marge Pagelsen,Research and Development,150
721,722,Cherilynn Limpenny,Human Resources,204
723,724,Bliss Braim,Business Development,187
724,725,Tomas Chesson,Marketing,143
725,726,Leigh Rittelmeyer,Marketing,143
726,727,Raynor Comber,Human Resources,204
728,729,Milty Spence,Services,204
729,730,Rodolphe Assiter,Support,221
732,733,Parsifal Bernardon,Engineering,208
735,736,Chalmers Aplin,Services,204
736,737,Kissiah Edmeades,Support,221
737,738,Ettore Mulcock,Marketing,143
738,739,Rafael Seddon,Marketing,143
739,740,Jonie Schapero,Support,221
741,742,Wadsworth Streatfeild,Marketing,143
742,743,Georg Prince,Marketing,143
744,745,Mickie Haverson,Services,204
746,747,Lettie Braden,Marketing,143
747,748,Indira Pitkeathley,Research and Development,150
749,750,Alidia Fulmen,Research and Development,150
751,752,Dennet Skaif,Research and Development,150
753,754,Aldis Branford,Business Development,187
754,755,Cass Wilton,Research and Development,150
755,756,Rickie Sacher,Marketing,143
756,757,Patrizio Billingsly,Engineering,208
757,758,Dyanne Rainy,Support,221
758,759,Stern Di Biaggi,Services,204
759,760,Giuditta Mower,Services,204
761,762,Frank Creane,Services,204
762,763,Rozella Domleo,Support,221
763,764,Nancee Jakubczyk,Support,221
764,765,Rosemary Brabyn,Research and Development,150
767,768,Moises Matysik,Support,221
768,769,Alena Colliver,Business Development,187
769,770,Ally Binley,Support,221
770,771,Theo Simcock,Services,204
771,772,Loralyn Carnie,Marketing,143
772,773,,Engineering,208
774,775,Clarice Maun,Services,204
776,777,Milo Geraldez,Services,204
777,778,Ross Fuggle,Marketing,143
778,779,Darwin Rycroft,Marketing,143
782,783,Herve Shakespeare,Services,204
783,784,Selby Raspison,Research and Development,150
784,785,Torey Spadelli,Engineering,208
785,786,Virgie Yong,Engineering,208
786,787,Flossi Hernik,Marketing,143
787,788,Christie Hadlow,Marketing,143
790,791,Theda Mossman,Human Resources,204
792,793,Shanna Luisetti,Business Development,187
793,794,Loise Watkiss,Human Resources,204
794,795,Bonny Storms,Human Resources,204
796,797,Ruddie De Morena,Business Development,187
797,798,Bridie Burless,Services,204
798,799,Kristien Leeds,Engineering,208
799,800,Karylin Glusby,Marketing,143
801,802,Kelley Prop,Engineering,208
803,804,Gracia Sibylla,Marketing,143
805,806,Barth Plott,Engineering,208
807,808,Electra Frary,Engineering,208
810,811,Georgeanna Egan,Research and Development,150
811,812,Izzy Hammerson,Research and Development,150
812,813,Betty Juara,Engineering,208
815,816,Caralie Landrick,Engineering,208
817,818,Yancy Tapply,Support,221
821,822,Ericha Doohan,Business Development,187
822,823,Barr Benam,Services,204
824,825,Daisi Glasscock,Research and Development,150
825,826,Holly Pietroni,Support,221
826,827,Opalina Dowdell,Engineering,208
827,828,Rickey Pickering,Human Resources,204
828,829,Cory Lawlan,Research and Development,150
829,830,Charla Pottes,Business Development,187
830,831,,Human Resources,204
833,834,Kurtis Dallin,Engineering,208
834,835,Coleman Friary,Support,221
836,837,Wilton Muldrew,Research and Development,150
839,840,Haily Dicken,Human Resources,204
840,841,Burlie Cuttin,Business Development,187
841,842,Lelah Syder,Services,204
842,843,Julio Pallaske,Business Development,187
843,844,Agnesse Fazan,Services,204
844,845,Knox Kinig,Business Development,187
845,846,Rouvin Gatch,Marketing,143
846,847,Myrtia Bertrand,Marketing,143
848,849,Melina Pires,Marketing,143
850,851,Karna Miles,Business Development,187
852,853,Meryl Bellerby,Support,221
854,855,Hanna Ilyas,Support,221
855,856,Quinta Biddell,Business Development,187
857,858,Cirilo Kemer,Marketing,143
860,861,Ferdinanda Montel,Support,221
861,862,Yoko Minards,Support,221
862,863,Rafferty Queste,Marketing,143
863,864,Alane James,Business Development,187
864,865,Sebastian Fereday,Research and Development,150
865,866,Nessie Attoc,Support,221
866,867,Betsey Sweed,Human Resources,204
867,868,Josefina Shaughnessy,Business Development,187
868,869,Cesaro Neggrini,Research and Development,150
869,870,Baldwin Purvess,Human Resources,204
870,871,Toiboid Opdenorth,Engineering,208
873,874,Lorettalorna Spyer,Engineering,208
874,875,Florencia Ealden,Engineering,208
875,876,Ignacio Cutmare,Research and Development,150
876,877,Tadio Low,Services,204
878,879,Waylin Horsfield,Support,221
879,880,Lotti Flewett,Services,204
881,882,Carleen Catterill,Services,204
882,883,Batholomew Shorbrook,Engineering,208
883,884,Joey Kobera,Marketing,143
885,886,Judy Beynke,Business Development,187
886,887,Trudey Jellard,Business Development,187
887,888,Willetta Wickey,Services,204
888,889,Sibylla Abram,Support,221
890,891,Brandy Prestney,Research and Development,150
891,892,Thedrick Glew,Human Resources,204
892,893,Nertie Sigward,Services,204
894,895,Adela Ivain,Engineering,208
895,896,Mata Yanukhin,Business Development,187
896,897,Pasquale Wreiford,Support,221
897,898,Amye Pauel,Business Development,187
898,899,Helen-elizabeth Culpin,Support,221
899,900,Darb Holberry,Human Resources,204
900,901,Hyacinthie Sillick,Support,221
903,904,Roi Drakers,Support,221
904,905,Lib Monahan,Business Development,187
906,907,Maurizio Gorman,Services,204
907,908,Roxy Heinrici,Support,221
908,909,Zebedee MacFaell,Support,221
911,912,Ottilie Vearncomb,Business Development,187
913,914,Freeman Felderer,Human Resources,204
915,916,Nanon Grishechkin,Research and Development,150
916,917,Gaby Peschka,Support,221
917,918,Brooke Liddel,Marketing,143
921,922,Vincents Phillipp,Services,204
922,923,Gill Cocks,Support,221
923,924,Brunhilde Taggert,Marketing,143
924,925,Cary Vedyasov,Engineering,208
925,926,Kath Greste,Human Resources,204
926,927,Lamond Klimaszewski,Support,221
927,928,Leroi Flynn,Engineering,208
929,930,Jorrie Obin,Business Development,187
930,931,Wilhelmine Coulthard,Services,204
931,932,Celeste Stops,Support,221
932,933,Albrecht Karolowski,Engineering,208
933,934,Spence Sponer,Support,221
936,937,,Research and Development,150
937,938,Gillie Akess,Support,221
940,941,Jennee McNirlan,Services,204
942,943,Samson Folomin,Marketing,143
943,944,Rhonda Jephcote,Business Development,187
944,945,Lavinie Josey,Business Development,187
945,946,Ellsworth Vedyasov,Support,221
946,947,Paton Frary,Services,204
947,948,Alexandre Ibanez,Engineering,208
948,949,Guinevere Spence,Marketing,143
949,950,Devy Willarton,Human Resources,204
954,955,Shena Gore,Marketing,143
956,957,Jud Clash,Engineering,208
959,960,Daphene Lovemore,Marketing,143
962,963,Stevie Daniels,Engineering,208
963,964,Baldwin Hobgen,Research and Development,150
964,965,Lita Jahner,Support,221
966,967,Jessee Lopez,Human Resources,204
967,968,Gunar Sreenan,Engineering,208
968,969,Dulcea Banner,Research and Development,150
969,970,,Business Development,187
970,971,Katherina Garoghan,Services,204
971,972,Bridgette Sapseed,Support,221
973,974,Hewet Civitillo,Human Resources,204
974,975,Gina MacAllen,Research and Development,150
977,978,Harwilll Mattiato,Business Development,187
978,979,Marney Oslar,Human Resources,204
980,981,Hadlee Bonnar,Services,204
981,982,Kermy Bunton,Engineering,208
982,983,Felicia Gunton,Support,221
983,984,Violette Hallewell,Support,221
985,986,Starla Drugan,Business Development,187
986,987,Shaina Shervington,Research and Development,150
987,988,Danya Kid,Human Resources,204
988,989,Sherrie Armor,Business Development,187
991,992,Tad Rowan,Engineering,208
992,993,Maggy Mendez,Research and Development,150
994,995,Goran Carde,Services,204
996,997,Wilek O'Cridigan,Human Resources,204
997,998,Jerry Ducker,Human Resources,204
999,1000,Vivian O'Boyle,Human Resources,204
1000,1001,Harold Abram,Human Resources,204
1001,1002,Ty Adamowitz,Business Development,187
1002,1003,Lyman Adcock,Services,204
1003,1004,Lotti Adkin,Business Development,187
1004,1005,Gretna Agnolo,Business Development,187
1005,1006,Marlow Aizikov,Human Resources,204
1006,1007,Joan Akehurst,Human Resources,204
1008,1009,Lucretia Alabaster,Support,221
1010,1011,Libbi Algar,Support,221
1011,1012,Jacky Allchin,Support,221
1012,1013,Raine Allcock,Engineering,208
1013,1014,Melonie Allon,Business Development,187
1014,1015,Robers Amesbury,Engineering,208
1015,1016,Bone Anders,Services,204
1016,1017,Andee Andri,Human Resources,204
1017,1018,Gay Andriesse,Engineering,208
1018,1019,Loralie Andrzejczak,Human Resources,204
1020,1021,Mandel Annwyl,Services,204
1021,1022,Toddy Antalffy,Human Resources,204
1022,1023,Jeremias Antecki,Services,204
1023,1024,Lemar Aplin,Research and Development,150
1024,1025,Tanner Arboin,Business Development,187
1025,1026,Bartolomeo Arghent,Human Resources,204
1026,1027,Elvina Armor,Research and Development,150
1027,1028,Letitia Armstrong,Support,221
1028,1029,Warner Aronsohn,Research and Development,150
1031,1032,Wilt Astbury,Marketing,143
1032,1033,Aldwin Athow,Human Resources,204
1035,1036,Gasparo Aveling,Engineering,208
1036,1037,Nikkie Axtell,Services,204
1037,1038,Louisa Bachelor,Business Development,187
1038,1039,Brook Backen,Engineering,208
1040,1041,Jena Balmer,Business Development,187
1042,1043,Agneta Baly,Marketing,143
1043,1044,Lanae Bangham,Engineering,208
1044,1045,Gipsy Banner,Engineering,208
1045,1046,Philly Barhims,Support,221
1046,1047,Jimmie Barkhouse,Engineering,208
1047,1048,Lonee Baroc,Support,221
1048,1049,,Human Resources,204
1049,1050,Marybelle Barribal,Engineering,208
1051,1052,Trudie Bartens,Services,204
1053,1054,Bevin Baseley,Support,221
1057,1058,Elia Baton,Business Development,187
1060,1061,Artemus Bazeley,Research and Development,150
1061,1062,Lou Bazely,Marketing,143
1062,1063,Tanhya Bearman,Business Development,187
1065,1066,Redford Behnecken,Business Development,187
1067,1068,Perceval Bellerby,Services,204
1068,1069,Sidoney Benam,Business Development,187
1069,1070,Ted Benasik,Support,221
1070,1071,Brandea Benjamin,Human Resources,204
1071,1072,Judy Bennedick,Human Resources,204
1074,1075,Xylia Bernadot,Support,221
1076,1077,Fayette Bernardon,Human Resources,204
1077,1078,Christalle Bertome,Marketing,143
1078,1079,Ashley Bertrand,Engineering,208
1082,1083,Barth Bettlestone,Engineering,208
1083,1084,Ludvig Bewsey,Marketing,143
1084,1085,Dev Beynke,Business Development,187
1085,1086,Vinnie Bhar,Marketing,143
1086,1087,Cirstoforo Biddell,Research and Development,150
1087,1088,Rosabelle Bidwell,Human Resources,204
1088,1089,Rodrique Biesterfeld,Research and Development,150
1089,1090,Germana Billin,Support,221
1090,1091,Rolf Billingsly,Support,221
1092,1093,Belinda Binion,Human Resources,204
1093,1094,Zachariah Binley,Marketing,143
1095,1096,Creight Blazejewski,Business Development,187
1096,1097,Beltran Blees,Marketing,143
1098,1099,Marlo Blezard,Business Development,187
1099,1100,Karita Blindermann,Engineering,208
1100,1101,Jenn Blundin,Support,221
1101,1102,Ogden Bocken,Research and Development,150
1102,1103,Cathy Bohlens,Human Resources,204
1104,1105,Jewelle Boord,Engineering,208
1105,1106,Jasper Boosey,Services,204
1106,1107,Welby Bote,Services,204
1107,1108,Marlie Bothen,Marketing,143
1108,1109,Bethanne Bourke,Services,204
1111,1112,Brett Braden,Support,221
1112,1113,Carlee Bragger,Support,221
1113,1114,Grady Braim,Services,204
1114,1115,Wilbert Branchet,Human Resources,204
1116,1117,Putnem Branno,Engineering,208
1117,1118,Blondell Bransby,Human Resources,204
1118,1119,Lucky Brant,Engineering,208
1119,1120,Brietta Brayshay,Services,204
1120,1121,Cristy Brend,Services,204
1121,1122,Gnni Brettle,Marketing,143
1124,1125,Gerri Bridie,Engineering,208
1125,1126,Olly Briffett,Services,204
1128,1129,Stephana Britton,Research and Development,150
1130,1131,Angie Brommage,Human Resources,204
1131,1132,Gypsy Brookbank,Marketing,143
1133,1134,Lacee Brumble,Support,221
1135,1136,Meryl Buard,Services,204
1136,1137,Ichabod Buck,Marketing,143
1138,1139,Celina Bundock,Services,204
1139,1140,Putnam Bunton,Research and Development,150
1142,1143,Elston Burnyate,Business Development,187
1144,1145,Gretel Buse,Human Resources,204
1145,1146,Deirdre Butt,Business Development,187
1146,1147,Gaston Buyers,Support,221
1148,1149,Katlin Cabrera,Human Resources,204
1149,1150,Valentia Callf,Engineering,208
1150,1151,Jarrett Camelli,Research and Development,150
1151,1152,Kori Carcas,Services,204
1152,1153,Truman Carde,Marketing,143
1154,1155,Jewel Cariss,Support,221
1156,1157,Kellia Carmo,Human Resources,204
1157,1158,Rube Carnie,Services,204
1158,1159,Gayleen Carnihan,Research and Development,150
1160,1161,Nobe Casper,Engineering,208
1161,1162,Raff Castleman,Support,221
1162,1163,Nerta Castro,Human Resources,204
1165,1166,Hollis Caulwell,Engineering,208
1166,1167,Alexis Cawthery,Research and Development,150
1167,1168,Toinette Cescon,Services,204
1168,1169,Dannye Chaimson,Business Development,187
1169,1170,,Services,204
1171,1172,Roselle Chatto,Marketing,143
1172,1173,Myra Checcucci,Marketing,143
1174,1175,Billy Chifney,Support,221
1175,1176,Barbie Chittenden,Engineering,208
1176,1177,Ardella Cholwell,Services,204
1179,1180,Siobhan Ciobutaru,Services,204
1181,1182,Renell Clapperton,Business Development,187
1182,1183,Peyton Clash,Business Development,187
1183,1184,Alanson Cleve,Services,204
1186,1187,Janna Cluely,Human Resources,204
1187,1188,Regen Cluer,Research and Development,150
1188,1189,Donny Clyburn,Business Development,187
1189,1190,Amalia Cockell,Research and Development,150
1190,1191,Caldwell Cocks,Business Development,187
1191,1192,Olia Codlin,Services,204
1192,1193,Sarita Cogswell,Engineering,208
1193,1194,Lonny Collip,Business Development,187
1195,1196,Harriot Collumbine,Human Resources,204
1196,1197,Mellie Comber,Human Resources,204
1197,1198,Carline Comberbach,Business Development,187
1198,1199,Fields Conman,Human Resources,204
1199,1200,Erick Conry,Research and Development,150
1201,1202,Irving Coogan,Support,221
1202,1203,Kienan Corington,Business Development,187
1203,1204,Dana Costanza,Engineering,208
1206,1207,Ahmad Coule,Support,221
1208,1209,Tova Coulthard,Engineering,208
1209,1210,Babita Cowderay,Marketing,143
1210,1211,Berny Cowland,Research and Development,150
1211,1212,Alan Cramphorn,Business Development,187
1212,1213,Brody Cranna,Research and Development,150
1213,1214,Hermann Creane,Engineering,208
1214,1215,Ewart Cremen,Engineering,208
1216,1217,Marleen Cristofolini,Services,204
1217,1218,Stephie Crocumbe,Human Resources,204
1218,1219,Malorie Crowthe,Business Development,187
1219,1220,Aile Crumly,Engineering,208
1220,1221,Valentia Cudiff,Human Resources,204
1222,1223,Malvina Cullnean,Human Resources,204
1223,1224,Hirsch Culpin,Support,221
1224,1225,Barnabas Cumberbatch,Marketing,143
1225,1226,Hedy Cuningham,Engineering,208
1226,1227,Jeramey Cunnow,Support,221
1227,1228,Jobi Curner,Business Development,187
1228,1229,Luke Cutill,Services,204
1230,1231,Daisie Cutteridge,Marketing,143
1234,1235,Renae Daber,Research and Development,150
1236,1237,Lynda Dallin,Human Resources,204
1240,1241,Benedetto Darwood,Marketing,143
1241,1242,Francesca Davidman,Business Development,187
1242,1243,Juliet Daymont,Services,204
1243,1244,Elspeth De Clairmont,Services,204
1245,1246,Neddy De la Yglesia,Services,204
1246,1247,Lyle De Lascy,Business Development,187
1247,1248,Hanni De Michele,Business Development,187
1248,1249,Katherina De Morena,Services,204
1249,1250,Ruben Dehn,Marketing,143
1250,1251,Livia Delacour,Engineering,208
1252,1253,Ignacio Di Francesco,Engineering,208
1253,1254,Auberta Dicken,Research and Development,150
1255,1256,Jobyna Diem,Support,221
1256,1257,Bernie Dilrew,Support,221
1257,1258,Christabella Dimitriev,Business Development,187
1262,1263,Eldredge Dockerty,Support,221
1263,1264,Gui Dodd,Business Development,187
1264,1265,Verile Doghartie,Business Development,187
1267,1268,Arin Donson,Support,221
1268,1269,Garvey Doohan,Engineering,208
1270,1271,Jasmin Dorie,Support,221
1271,1272,Ashly Dotterill,Engineering,208
1272,1273,Lorry Dowdell,Support,221
1273,1274,Lenee Dowtry,Human Resources,204
1274,1275,Trevor Dracey,Services,204
1276,1277,Abagael Draude,Support,221
1280,1281,Ellerey Dudenie,Services,204
1281,1282,Maudie Dudhill,Research and Development,150
1282,1283,Betti Duggan,Research and Development,150
1284,1285,Ardeen Dulwitch,Business Development,187
1288,1289,Hetti Dungay,Services,204
1290,1291,Chuck Dunniom,Research and Development,150
1291,1292,Brice Duplain,Marketing,143
1292,1293,Arvie Dyhouse,Services,204
1294,1295,Marylou Dytham,Engineering,208
1295,1296,Alfred Eadmeades,Services,204
1296,1297,Jarvis Ealden,Human Resources,204
1297,1298,Chrysler Eardley,Research and Development,150
1299,1300,Saidee Eate,Services,204
1300,1301,Anders Edmeades,Business Development,187
1301,1302,Arlene Edmonston,Support,221
1303,1304,Tildie Elby,Support,221
1304,1305,Waneta Elfitt,Marketing,143
1305,1306,Norby Elington,Support,221
1306,1307,Danell Ellam,Services,204
1307,1308,Rodrigo Elphinstone,Business Development,187
1310,1311,Ursulina Erie,Business Development,187
1311,1312,Valma Erwin,Support,221
1312,1313,Roberta Etches,Business Development,187
1315,1316,Tades Facey,Research and Development,150
1316,1317,Cammy Fader,Engineering,208
1318,1319,Wilt Fakeley,Support,221
1319,1320,Artemas Farbrace,Business Development,187
1320,1321,Darleen Farndell,Engineering,208
1321,1322,,Engineering,208
1324,1325,Abe Featherby,Marketing,143
1325,1326,Carlota Feavers,Marketing,143
1327,1328,Grace Felderer,Business Development,187
1328,1329,Gale Fendt,Research and Development,150
1330,1331,Darleen Fereday,Marketing,143
1331,1332,Nancey Ferrettini,Research and Development,150
1333,1334,Tina Fetherstone,Business Development,187
1334,1335,Arline Fiddler,Marketing,143
1335,1336,Morissa Fifoot,Human Resources,204
1336,1337,Rosemarie Fleay,Human Resources,204
1337,1338,Ravid Flemmich,Marketing,143
1338,1339,Penelopa Flewett,Support,221
1340,1341,Bordy Flynn,Engineering,208
1343,1344,Christen Folkerts,Support,221
1344,1345,Corenda Folomin,Services,204
1345,1346,Iris Ford,Research and Development,150
1347,1348,Benny Forsey,Research and Development,150
1348,1349,Winona Forst,Engineering,208
1350,1351,Weston Foxton,Research and Development,150
1352,1353,Raul Franke,Business Development,187
1353,1354,Cobby Frankiss,Human Resources,204
1354,1355,Carina Franzini,Engineering,208
1355,1356,Johnnie Frary,Business Development,187
1356,1357,Jocelyne Frary,Engineering,208
1357,1358,Kaycee Frazier,Services,204
1359,1360,Killy Friary,Business Development,187
1360,1361,Ike Friman,Research and Development,150
1361,1362,Melodee Froude,Services,204
1364,1365,Fredelia Fucher,Support,221
1365,1366,Renee Fuggle,Human Resources,204
1366,1367,Ellary Fulmen,Human Resources,204
1368,1369,Jennifer Furlow,Marketing,143
1373,1374,Far Gannicott,Business Development,187
1374,1375,Tracey Gare,Services,204
1375,1376,Gwenore Garm,Services,204
1376,1377,Guendolen Garoghan,Human Resources,204
1377,1378,Toni Garriock,Engineering,208
1378,1379,Ruth Gatch,Human Resources,204
1379,1380,Grantley Gauvin,Business Development,187
1380,1381,Stormi Gawthrop,Services,204
1381,1382,Bowie Geaveny,Support,221
1382,1383,Emmott Geraldez,Marketing,143
1383,1384,Milicent Giacobo,Human Resources,204
1384,1385,Francine Gilbane,Support,221
1385,1386,Hattie Gilder,Research and Development,150
1386,1387,Dex Gilham,Marketing,143
1387,1388,Bo Gillmore,Support,221
1388,1389,Emmalynne Ginley,Support,221
1389,1390,Harp Giovanitti,Research and Development,150
1390,1391,Rania Giovanizio,Human Resources,204
1393,1394,Latrena Glasscock,Support,221
1394,1395,Saidee Glew,Business Development,187
1395,1396,Melisandra Gligoraci,Engineering,208
1396,1397,Lefty Glusby,Engineering,208
1398,1399,Brose Goodwins,Services,204
1399,1400,Babita Gore,Services,204
1400,1401,Kori Gorman,Human Resources,204
1404,1405,Reyna Gowrie,Support,221
1405,1406,Isador Greatham,Human Resources,204
1406,1407,Doris Greenman,Engineering,208
1408,1409,Annabela Greeve,Business Development,187
1409,1410,Vally Greste,Support,221
1410,1411,Dominic Gridon,Services,204
1411,1412,Anna Griffey,Support,221
1413,1414,Anderea Grisard,Business Development,187
1415,1416,Jacquette Grumell,Business Development,187
1416,1417,Jeannette Grundey,Support,221
1418,1419,Hayward Gunton,Business Development,187
1420,1421,Merna Haddock,Services,204
1421,1422,Monika Hadkins,Business Development,187
1423,1424,Jeana Hadlow,Support,221
1428,1429,Ashbey Halliburton,Human Resources,204
1429,1430,Zed Hallowes,Support,221
1430,1431,Vyky Hammerberger,Engineering,208
1432,1433,Aarika Hantusch,Business Development,187
1433,1434,Bernadina Hanwell,Marketing,143
1434,1435,Eleanora Haquin,Business Development,187
1435,1436,Chanda Hastilow,Human Resources,204
1436,1437,Alwin Haugen,Research and Development,150
1437,1438,Nanine Haverson,Business Development,187
1439,1440,Oren Hayball,Engineering,208
1440,1441,Irwin Haylett,Human Resources,204
1441,1442,Hale Headings,Human Resources,204
1443,1444,Jacenta Hegden,Support,221
1445,1446,Risa Heinrici,Human Resources,204
1446,1447,Midge Held,Services,204
1447,1448,Greg Hellmore,Engineering,208
1448,1449,Emory Helmke,Services,204
1449,1450,Loise Hembling,Support,221
1451,1452,Truman Henniger,Support,221
1453,1454,Gilda Heritege,Human Resources,204
1455,1456,Rivi Hiley,Research and Development,150
1456,1457,Marcelline Hillaby,Marketing,143
1457,1458,Norean Hobbing,Services,204
1458,1459,Maisey Hobgen,Marketing,143
1460,1461,Alfi Holberry,Support,221
1463,1464,Fanchette Hounsom,Support,221
1465,1466,Chandler Huby,Engineering,208
1467,1468,Leela Hurd,Human Resources,204
1469,1470,Lianne Huxton,Engineering,208
1471,1472,Payton Iacopini,Human Resources,204
1472,1473,Berk Iacovelli,Research and Development,150
1473,1474,Calhoun Iacovolo,Services,204
1475,1476,Friedrich Ilyas,Human Resources,204
1476,1477,Loella Ilyinykh,Human Resources,204
1478,1479,Doria Ingleson,Support,221
1479,1480,Brena Ingrem,Services,204
1480,1481,Eileen Ireland,Research and Development,150
1481,1482,Emmalynn Issatt,Business Development,187
1483,1484,Arlene Jack,Engineering,208
1485,1486,Joanie Jahner,Services,204
1486,1487,Fanechka Jakubczyk,Research and Development,150
1487,1488,Samantha James,Services,204
1489,1490,Mathew Janczak,Business Development,187
1490,1491,Liane Janicek,Human Resources,204
1491,1492,Lesya Janjusevic,Business Development,187
1493,1494,Fredericka Jarmain,Engineering,208
1494,1495,Seth Jeffree,Human Resources,204
1495,1496,Carissa Jeffrey,Engineering,208
1498,1499,Holly Jellard,Human Resources,204
1499,1500,Audrye Jendrys,Business Development,187
1500,1501,Adaline Jephcote,Business Development,187
1501,1502,Myrtle Johanning,Support,221
1502,1503,Anjanette Johansson,Human Resources,204
1503,1504,Avrit Jopling,Marketing,143
1504,1505,Andi Josey,Human Resources,204
1505,1506,Joye Josse,Business Development,187
1506,1507,Nonie Josuweit,Human Resources,204
1509,1510,Zelda Juara,Business Development,187
1510,1511,Cecilia Julien,Research and Development,150
1511,1512,Malia Juszczak,Services,204
1513,1514,Francis Kamenar,Support,221
1514,1515,Stephenie Karolowski,Research and Development,150
1515,1516,Kerry Keatley,Support,221
1519,1520,Kial Kemer,Support,221
1520,1521,Paulita Kemet,Marketing,143
1521,1522,Gina Kenan,Support,221
1522,1523,Darelle Kenaway,Services,204
1523,1524,Jacenta Kender,Support,221
1524,1525,Maiga Kenningley,Support,221
1525,1526,Vivie Kensitt,Marketing,143
1526,1527,Maxy Kerner,Services,204
1528,1529,Deena Kew,Engineering,208
1533,1534,Rex Kinghorne,Business Development,187
1534,1535,Jorry Kinig,Research and Development,150
1538,1539,Grace Klimaszewski,Support,221
1539,1540,Chrysler Kobera,Engineering,208
1542,1543,Melodie Kordt,Research and Development,150
1543,1544,Curr Kropp,Marketing,143
1545,1546,Zack Kubacek,Support,221
1546,1547,Kirsteni Kubicki,Human Resources,204
1547,1548,Pegeen Lafrentz,Human Resources,204
1548,1549,Antonina Lakeland,Research and Development,150
1549,1550,Ellene Lamperd,Research and Development,150
1550,1551,Lind Landrick,Services,204
1551,1552,Quintus Lawden,Engineering,208
1553,1554,Eziechiele Lawton,Human Resources,204
1555,1556,Giff Leaning,Services,204
1556,1557,Kamila Leate,Support,221
1557,1558,Avivah Leber,Human Resources,204
1560,1561,Saxon Lehmann,Research and Development,150
1561,1562,Letisha Leicester,Human Resources,204
1562,1563,Sharona Leipelt,Services,204
1564,1565,Karen Leversha,Engineering,208
1565,1566,Ingrim Libreros,Marketing,143
1566,1567,Annabelle Liddel,Support,221
1567,1568,Jody Liffey,Research and Development,150
1568,1569,Newton Liggins,Human Resources,204
1571,1572,Bethena Lindenstrauss,Marketing,143
1572,1573,Hynda Lippiello,Human Resources,204
1573,1574,Laura Liversedge,Support,221
1574,1575,Edgard Lopez,Human Resources,204
1575,1576,Noak Lording,Services,204
1578,1579,Deane Lovemore,Services,204
1579,1580,Eugenio Low,Support,221
1581,1582,Adams Luisetti,Research and Development,150
1582,1583,Chrotoem Lunam,Support,221
1583,1584,Renado Lyne,Services,204
1586,1587,Deina MacFaell,Engineering,208
1591,1592,Anni MacMakin,Marketing,143
1592,1593,Ruthi MacTavish,Engineering,208
1593,1594,Vinny Magovern,Marketing,143
1594,1595,Charita Magrane,Engineering,208
1595,1596,Noble Magson,Business Development,187
1596,1597,Rahal Malitrott,Marketing,143
1597,1598,Hope Malkinson,Business Development,187
1598,1599,Chrystal Maloney,Human Resources,204
1599,1600,Niels Malt,Engineering,208
1600,1601,Vincents Marciek,Human Resources,204
1601,1602,Gamaliel Markie,Marketing,143
1602,1603,Zulema Markus,Support,221
1603,1604,Trace Marshal,Business Development,187
1604,1605,Matteo Martensen,Engineering,208
1605,1606,Mitzi Martinetto,Support,221
1606,1607,Inglis Masding,Research and Development,150
1607,1608,Rita Massimo,Business Development,187
1609,1610,Andreas Mathis,Engineering,208
1610,1611,Hill Matterdace,Services,204
1611,1612,Jazmin Mattiato,Business Development,187
1613,1614,Shawn Maun,Research and Development,150
1614,1615,Jillana Mayze,Human Resources,204
1615,1616,Emlen McAless,Business Development,187
1616,1617,Valenka McCaghan,Research and Development,150
1618,1619,Karlene McCallister,Engineering,208
1620,1621,Sheri McCoveney,Research and Development,150
1621,1622,Dodie McCrae,Research and Development,150
1626,1627,Deanne McHarry,Research and Development,150
1627,1628,Adan McMurray,Marketing,143
1629,1630,Adler McPhillips,Marketing,143
1632,1633,Charline Meran,Engineering,208
1633,1634,Duff Mertel,Engineering,208
1634,1635,Winne Mewton,Marketing,143
1635,1636,Adair Middle,Engineering,208
1637,1638,Revkah Miles,Engineering,208
1638,1639,Candis Millam,Business Development,187
1639,1640,Auguste Minards,Services,204
1640,1641,Muffin Monahan,Engineering,208
1642,1643,Andi Morcomb,Human Resources,204
1643,1644,Bjorn Morican,Human Resources,204
1644,1645,Hedvige Morter,Engineering,208
1645,1646,Shelagh Mossman,Engineering,208
1647,1648,August Mower,Business Development,187
1648,1649,Karina Mowett,Marketing,143
1649,1650,Callida Mulcock,Human Resources,204
1651,1652,Corabel Muncie,Services,204
1653,1654,Gloria Muzzini,Marketing,143
1654,1655,Juliette Myrick,Support,221
1655,1656,Fayina Nalder,Research and Development,150
1658,1659,Tailor Natte,Support,221
1660,1661,Winnie Nayer,Support,221
1662,1663,Catha Neeson,Research and Development,150
1663,1664,Meara Neggrini,Services,204
1664,1665,Noah Neno,Business Development,187
1665,1666,Rad Nickols,Human Resources,204
1667,1668,Larry Nobes,Human Resources,204
1668,1669,Shannan Nolleau,Support,221
1670,1671,Ernaline Norcutt,Engineering,208
1671,1672,Windham Northcote,Engineering,208
1673,1674,Marita Norwood,Services,204
1676,1677,Karel Nutty,Support,221
1677,1678,Rhonda O'Boyle,Engineering,208
1678,1679,Aguste O'Cridigan,Engineering,208
1679,1680,Werner O'Farrell,Engineering,208
1680,1681,Janek O'Garmen,Support,221
1682,1683,Fidel O'Keefe,Human Resources,204
1683,1684,D'arcy O'Kinneally,Services,204
1689,1690,Sarene Ogdahl,Support,221
1690,1691,Benedetto Olczyk,Support,221
1691,1692,Algernon Oldall,Services,204
1693,1694,Fergus Oleszcuk,Services,204
1694,1695,Gillan Ollivierre,Business Development,187
1695,1696,Evered Oluwatoyin,Business Development,187
1696,1697,Sumner Omand,Services,204
1697,1698,Daloris Oneal,Research and Development,150
1699,1700,Amos Orbell,Support,221
1700,1701,Clarie Ordemann,Human Resources,204
1701,1702,Ettore Orgel,Services,204
1704,1705,Bonita Ortiga,Support,221
1705,1706,Valentina Oslar,Business Development,187
1706,1707,Berty Osmar,Engineering,208
1707,1708,Charles Ostridge,Engineering,208
1708,1709,Nev Ough,Research and Development,150
1709,1710,Augusto Oulett,Research and Development,150
1710,1711,Andra Owbrick,Support,221
1712,1713,Isa Pagelsen,Engineering,208
1714,1715,Isobel Pallaske,Services,204
1715,1716,Evered Palmer,Services,204
1716,1717,Marcelo Parramore,Support,221
1717,1718,Berty Parren,Support,221
1718,1719,Delmer Pash,Research and Development,150
1719,1720,Shaine Pauel,Research and Development,150
1721,1722,Cherilynn Paull,Research and Development,150
1724,1725,Tomas Peele,Services,204
1725,1726,Leigh Penhallurick,Business Development,187
1726,1727,Raynor Peniello,Services,204
1728,1729,Milty Pennings,Business Development,187
1729,1730,Rodolphe Peschka,Business Development,187
1732,1733,Parsifal Pevreal,Engineering,208
1736,1737,Kissiah Phizakarley,Human Resources,204
1738,1739,Rafael Pickering,Services,204
1739,1740,Jonie Pieterick,Engineering,208
1741,1742,Wadsworth Pigeon,Marketing,143
1742,1743,Georg Pigney,Business Development,187
1744,1745,Mickie Piletic,Engineering,208
1745,1746,Lorette Pinson,Human Resources,204
1746,1747,Lettie Pires,Services,204
1755,1756,Rickie Prati,Human Resources,204
1756,1757,Patrizio Presswell,Business Development,187
1757,1758,Dyanne Prestney,Business Development,187
1758,1759,Stern Prichard,Human Resources,204
1759,1760,Giuditta Prince,Marketing,143
1761,1762,Frank Prop,Services,204
1762,1763,Rozella Purvess,Services,204
1763,1764,Nancee Pybus,Research and Development,150
1764,1765,Rosemary Pyson,Business Development,187
1765,1766,Constantina Queste,Support,221
1768,1769,Alena Raison,Business Development,187
1772,1773,Eloisa Rannald,Engineering,208
1774,1775,Clarice Ravenscroftt,Research and Development,150
1776,1777,Milo Reach,Human Resources,204
1777,1778,Ross Reardon,Engineering,208
1782,1783,Herve Ribeiro,Support,221
1783,1784,Selby Ribeiro,Human Resources,204
1785,1786,Virgie Rickert,Engineering,208
1786,1787,Flossi Rillett,Human Resources,204
1787,1788,Christie Rilston,Support,221
1788,1789,Jennine Rilton,Human Resources,204
1790,1791,Theda Rittelmeyer,Human Resources,204
1792,1793,Shanna Robion,Marketing,143
1793,1794,Loise Romei,Research and Development,150
1794,1795,Bonny Ropking,Support,221
1795,1796,Roxane Roswarn,Support,221
1796,1797,Rudie Rouchy,Business Development,187
1797,1798,Bridie Rowan,Research and Development,150
1798,1799,,Support,221
1799,1800,Karylin Rubinivitz,Human Resources,204
1800,1801,Ursala Rubinsohn,Services,204
1801,1802,Kelley Rudolfer,Marketing,143
1803,1804,Gracia Ruit,Business Development,187
1805,1806,Barth Rutter,Services,204
1806,1807,Emmet Rycroft,Support,221
1807,1808,Electra Sabbins,Services,204
1810,1811,Georgeanna Saggs,Research and Development,150
1811,1812,Izzy Saintpierre,Research and Development,150
1812,1813,Betty Sambiedge,Support,221
1815,1816,Caralie Sapseed,Support,221
1817,1818,Yancy Savaage,Business Development,187
1819,1820,Myrna Sawden,Human Resources,204
1821,1822,Ericha Schapero,Engineering,208
1822,1823,Barr Schindler,Engineering,208
1823,1824,Kaitlynn Schleswig-Holstein,Engineering,208
1824,1825,Daisi Schwartz,Human Resources,204
1828,1829,Cory Scragg,Research and Development,150
1829,1830,Charla Scroxton,Engineering,208
1831,1832,Letta Search,Marketing,143
1833,1834,Kurtis Semarke,Services,204
1834,1835,Coleman Semble,Business Development,187
1836,1837,Wilton Serridge,Marketing,143
1839,1840,Haily Shackelton,Human Resources,204
1840,1841,Burlie Shakespeare,Services,204
1841,1842,Lelah Shaughnessy,Human Resources,204
1842,1843,Julio Sheavills,Human Resources,204
1843,1844,Agnesse Sheber,Engineering,208
1846,1847,Myrtia Shervington,Research and Development,150
1847,1848,Randolph Shorbrook,Services,204
1849,1850,Chryste Sibylla,Services,204
1850,1851,Karna Sigward,Research and Development,150
1853,1854,Normie Simcock,Engineering,208
1854,1855,Hanna Simek,Engineering,208
1857,1858,,Human Resources,204
1860,1861,Ferdinanda Slocomb,Engineering,208
1862,1863,Rafferty Smalls,Business Development,187
1863,1864,Alane Smither,Human Resources,204
1864,1865,Sebastian Smithin,Support,221
1865,1866,Nessie Snepp,Human Resources,204
1869,1870,Baldwin Sommerlin,Research and Development,150
1870,1871,Toiboid Southon,Business Development,187
1871,1872,Hedwig Sowrah,Research and Development,150
1874,1875,Florencia Spence,Business Development,187
1876,1877,Tadio Spere,Engineering,208
1879,1880,Lotti Spyer,Services,204
1882,1883,Batholomew Stammirs,Engineering,208
1885,1886,Judy Sterzaker,Business Development,187
1886,1887,Trudey Stickells,Business Development,187
1887,1888,Willetta Stirtle,Engineering,208
1888,1889,Sibylla Stittle,Business Development,187
1890,1891,Brandy Stoad,Support,221
1892,1893,Nertie Stoddard,Engineering,208
1893,1894,Catina Stops,Human Resources,204
1894,1895,Adela Storms,Business Development,187
1895,1896,Mata Streatfeild,Services,204
1897,1898,Amye Stroulger,Services,204
1898,1899,Helen-elizabeth Suckling,Marketing,143
1899,1900,Darb Summersett,Research and Development,150
1901,1902,Diandra Swainsbury,Services,204
1903,1904,Roi Swigger,Marketing,143
1904,1905,Lib Swinden,Support,221
1907,1908,Roxy Syne,Services,204
1911,1912,Ottilie Tapply,Human Resources,204
1913,1914,Freeman Telezhkin,Business Development,187
1915,1916,Nanon Temblett,Human Resources,204
1916,1917,Gaby Terne,Support,221
1922,1923,Gill Tomasek,Business Development,187
1923,1924,Brunhilde Toogood,Research and Development,150
1925,1926,Kath Tott,Research and Development,150
1926,1927,Lamond Trevarthen,Research and Development,150
1927,1928,Leroi Trump,Support,221
1930,1931,Wilhelmine Tully,Business Development,187
1931,1932,Celeste Tures,Business Development,187
1932,1933,Albrecht Tweedy,Support,221
1933,1934,Spence Twinbourne,Research and Development,150
1935,1936,Nelly Tzarkov,Services,204
1936,1937,Rikki Uccelli,Marketing,143
1940,1941,Jennee Van der Merwe,Services,204
1941,1942,Joaquin Vanyashin,Business Development,187
1943,1944,Rhonda Vasnetsov,Human Resources,204
1948,1949,Guinevere Vedyasov,Services,204
1949,1950,Devy Verny,Engineering,208
1956,1957,Jud Vogt,Marketing,143
1959,1960,Daphene Walkey,Services,204
1963,1964,Baldwin Warlowe,Engineering,208
1964,1965,Lita Watkiss,Research and Development,150
1966,1967,Jessee Welbeck,Services,204
1969,1970,Eadith Whitington,Support,221
1970,1971,Katherina Whitton,Support,221
1973,1974,Hewet Willarton,Engineering,208
1974,1975,Gina Wilton,Marketing,143
1975,1976,Gerrard Windmill,Human Resources,204
1976,1977,Tremain Withnall,Support,221
1978,1979,Marney Wolfart,Support,221
1980,1981,Hadlee Woodard,Services,204
1981,1982,Kermy Woofinden,Marketing,143
1982,1983,Felicia Wooldridge,Marketing,143
1983,1984,Violette Woollin,Business Development,187
1985,1986,Starla Wreiford,Business Development,187
1987,1988,Danya Wyre,Support,221
1988,1989,Sherrie Yakovliv,Support,221
1991,1992,Tad Yatman,Research and Development,150
1992,1993,Maggy Yaus,Services,204
1995,1996,Cirstoforo Youings,Research and Development,150
1997,1998,Jerry Yven,Services,204
